size,n_elem,ndof,path,vectors,KE,E_e,index,logical_B_per_elem,FLOP_per_elem,logical_intensity,us_median,us_q1,us_q3,us_min,us_max,iqr_pct,spread_pct,iters_per_block,model_bandwidth_GBs,achieved_GFLOPs,speedup_vs_three_stage_fp64,pool_used_bytes,pool_total_bytes
64k,64000,209223,three_stage_fp64,fp64,fp64,fp64,int32,872,1176,1.348623853211009,353.1464286472487,342.31413373295567,375.4739939055828,326.79592156262134,383.79647865058473,9.389833078490478,16.140771211054826,161,158.03076421805065,213.12405816562796,1.0,20625408,67591168
64k,64000,209223,three_stage_fp64_e32,fp64,fp64,fp32,int32,868,1176,1.3548387096774193,343.8708932059152,334.92991856166293,351.0710906982422,323.3675057547433,364.7546604701451,4.693962895810921,12.035666738044766,175,161.54900312174607,218.87284293913984,1.0269738894003428,20625408,67591168
64k,64000,209223,three_stage_fp32,fp32,fp32,fp32,int32,484,1176,2.4297520661157024,168.33488331284636,137.80222937118174,177.53516241561536,124.11832809448242,191.3629798002021,23.603505264319406,39.94695002149204,172,184.0141472188616,447.10875439954805,2.097880259262333,21462528,67591168
64k,64000,209223,three_stage_fp32_s64,fp32,fp32,fp32,int64,580,1176,2.027586206896552,341.1411174292703,322.10268557650375,385.3328112259652,287.2667960750247,469.4890883362409,18.53488847253106,53.415517201322665,103,108.81127516883446,220.624240687154,1.0351916277593465,21462528,67591168
64k,64000,209223,fused_fp64,fp64,fp64,fp64,int32,488,1176,2.4098360655737703,67.0288838838276,66.71739126506606,67.36168610422234,66.36597984715512,72.13810368588096,0.9612197038413468,8.611397809830631,380,465.9483821053972,1122.859215893334,5.26857092323529,23136768,67591168
64k,64000,209223,fused_fp32,fp32,fp32,fp32,int32,292,1176,4.027397260273973,33.503549679424204,31.009578129175445,35.28267229107064,27.60061075989629,40.30274481360821,12.754153523378637,37.91280080842531,994,557.7916423428114,2246.448532175158,10.540567552581727,23973888,67591168
64k,64000,209223,fused_ai_fp64,fp64,fp64,fp64,none,392,1176,3.0,64.96301655733852,64.91603094058357,65.14257236982397,64.90076505220853,67.98800996160388,0.34872369117965124,4.752311504300985,806,386.18896303647625,1158.5668891094288,5.436114998378345,23973888,67591168
64k,64000,209223,fused_ai_fp32,fp32,fp32,fp32,none,196,1176,6.0,42.20713473655082,35.42140528962419,47.935999728537894,31.719784478883483,52.82767721124598,29.650424074099092,50.0102479453156,592,297.20093719456065,1783.205623167364,8.366984180554397,23973888,67591168
64k,64000,209223,node_fp64,fp64,fp64,fp64,none,256,1176,4.59375,99.35297284807477,99.2182854575978,99.76596367068407,99.15495417259295,103.04936797776703,0.5512449173752976,3.9197758190177265,574,164.90699302026457,757.5414991868404,3.5544626247597164,23973888,67591168
64k,64000,209223,node_fp32,fp32,fp32,fp32,none,128,1176,9.1875,34.307030672152365,30.896322261652298,36.39864611202444,29.008890185835796,41.57621846396542,16.038472996843982,36.63193238210134,1690,238.78487410598302,2193.836030848719,10.293704285340672,23973888,67591168
216k,216000,686433,three_stage_fp64,fp64,fp64,fp64,int32,872,1176,1.348623853211009,893.4474336928215,879.112354223279,898.0405779852383,869.925125785496,907.827957816746,2.1185604265182856,4.242312485535828,69,210.8148648673133,284.3099553715142,1.0,69434880,228105216
216k,216000,686433,three_stage_fp64_e32,fp64,fp64,fp32,int32,868,1176,1.3548387096774193,888.535209324049,877.3899354796479,902.0178698111272,867.298292077106,950.2274886421536,2.7717454607358722,9.333248215131036,69,211.00795785305013,285.8817493492937,1.0055284521279797,69434880,228105216
216k,216000,686433,three_stage_fp32,fp32,fp32,fp32,int32,484,1176,2.4297520661157024,171.45538330078125,167.13072026817542,186.55439950887438,165.12744866528558,235.09249640899955,11.328707717869861,40.80656226522528,206,609.7446343612335,1481.5282851421707,5.210961688647956,72180736,228105216
216k,216000,686433,three_stage_fp32_s64,fp32,fp32,fp32,int64,580,1176,2.027586206896552,413.74226231728835,391.9442576746786,427.9527233492944,377.1094783659904,437.2546288274949,8.703115188895495,14.536864115510811,155,302.79720350135756,613.9474333062008,2.1594299520885287,72180736,228105216
216k,216000,686433,fused_fp64,fp64,fp64,fp64,int32,488,1176,2.4098360655737703,213.94551318624747,213.8193586598272,213.9603504236194,213.76000279965606,222.86840798198313,0.06590078085416447,4.2573480727300215,276,492.6861911249265,1187.2929523830196,4.1760512776682654,77672448,228105216
216k,216000,686433,fused_fp32,fp32,fp32,fp32,int32,292,1176,4.027397260273973,65.39937745721846,65.32841519370598,65.62354527606865,65.00277741585371,69.142549149113,0.45127353476068943,6.329986452802775,772,964.4128499733666,3884.07366975575,13.661405787498168,80418304,228105216
216k,216000,686433,fused_ai_fp64,fp64,fp64,fp64,none,392,1176,3.0,211.61071173578716,211.5167782461043,236.46308020722094,210.3472785126391,246.40092918341108,11.788770878604709,17.03772478010841,278,400.1309730753127,1200.392919225938,4.222127634107491,80418304,228105216
216k,216000,686433,fused_ai_fp32,fp32,fp32,fp32,none,196,1176,6.0,52.51639490344049,52.07541225346756,57.764855479396516,51.890005205124794,62.486021891859416,10.833651541370795,20.176588103995023,837,806.1482528997141,4836.889517398285,17.012733553694282,80418304,228105216
216k,216000,686433,node_fp64,fp64,fp64,fp64,none,256,1176,4.59375,273.0761457372595,272.7277013990614,273.95081520080566,271.849031801577,274.70726437038843,0.447902103804073,1.046679694813584,216,202.49297078186794,930.2020845292059,3.2717886481100877,80418304,228105216
216k,216000,686433,node_fp32,fp32,fp32,fp32,none,128,1176,9.1875,30.243500715668837,27.813650353454197,30.80927567280898,27.057315043844095,35.28737578756729,9.905021735141863,27.21265908036661,1399,914.1798847934249,8399.027691539592,29.5417994792493,80418304,228105216
512k,512000,1604043,three_stage_fp64,fp64,fp64,fp64,int32,872,1176,1.348623853211009,2114.520586453951,2107.6677028949443,2124.2677248441255,2093.646709735577,2146.107013408954,0.7850489636054749,2.480954974354393,26,211.14195002883358,284.7510702223719,1.0,164391936,540679168
512k,512000,1604043,three_stage_fp64_e32,fp64,fp64,fp32,int32,868,1176,1.3548387096774193,2126.1531284877233,2117.7233968462265,2132.5348445347377,2081.426348005022,2170.880045209612,0.6966312769318818,4.20730266348294,28,209.02351483785245,283.19314913515495,0.99452883149482,164391936,540679168
512k,512000,1604043,three_stage_fp32,fp32,fp32,fp32,int32,484,1176,2.4297520661157024,558.1482660202753,555.5768330891926,559.3282972063337,552.6771908714659,613.6686052594866,0.6721268067156845,10.92745746984103,105,443.9823879897141,1078.7671245369913,3.7884567868157437,170808320,540679168
512k,512000,1604043,three_stage_fp32_s64,fp32,fp32,fp32,int64,580,1176,2.027586206896552,958.6005528767904,954.8373222351074,969.3440119425456,947.7120081583658,975.3072102864583,1.5133195640147707,2.87869666309688,60,309.7849246057847,628.1156402351772,2.2058411922549057,170808320,540679168
512k,512000,1604043,fused_fp64,fp64,fp64,fp64,int32,488,1176,2.4098360655737703,487.85206528960686,487.6841873419089,488.3719272300845,484.72970430968235,512.680929215228,0.14097304021196094,5.7294468742184845,122,512.1552572533977,1234.2102101024504,4.334347924095995,183641088,540679168
512k,512000,1604043,fused_fp32,fp32,fp32,fp32,int32,292,1176,4.027397260273973,161.38170544145885,161.06450758397781,169.47717377633762,159.81985021520546,196.07014768452757,5.212899547285736,22.462457792325093,297,926.3999261318534,3730.980524421437,13.102604044675886,190057472,540679168
512k,512000,1604043,fused_ai_fp64,fp64,fp64,fp64,none,392,1176,3.0,476.8995557512556,475.8996812124101,477.39937191917784,474.59962632921,495.9735870361328,0.31446678628276387,4.481857961316945,126,420.8517235538892,1262.5551706616677,4.4338908706320055,190057472,540679168
512k,512000,1604043,fused_ai_fp32,fp32,fp32,fp32,none,196,1176,6.0,106.6710675349001,106.20563873362485,106.95044720759157,105.61828255932559,107.41208364589431,0.6982291367085373,1.6816191381808694,427,940.761185943577,5644.567115661461,19.82281264563264,190057472,540679168
512k,512000,1604043,node_fp64,fp64,fp64,fp64,none,256,1176,4.59375,640.1211318149361,637.456524756647,643.5072498936806,633.8119506835938,667.4278013167842,0.9452468972361522,5.2514827213842175,93,204.76124515429044,940.6219699275217,3.30331320332864,190057472,540679168
512k,512000,1604043,node_fp32,fp32,fp32,fp32,none,128,1176,9.1875,52.07453504605816,52.05015218035775,52.110577221982965,52.0119913863346,54.770218906442075,0.11603568149340512,5.296691593439896,966,1258.5037954162362,11562.503620386671,40.60565465603734,190057472,540679168
1M,1000000,3106053,three_stage_fp64,fp64,fp64,fp64,int32,872,1176,1.348623853211009,4066.1674499511714,4051.2266794840493,4090.2997334798174,4028.6890665690107,4250.692240397135,0.9609307653140867,5.459764669327379,15,214.45255531974502,289.21583148626166,1.0,320856064,1056009216
1M,1000000,3106053,three_stage_fp64_e32,fp64,fp64,fp32,int32,868,1176,1.3548387096774193,4071.7653910319013,4066.986592610677,4074.161020914714,4049.3057250976562,4157.644907633464,0.1761994519585732,2.6607422611927882,15,213.1753469666444,288.8182120193246,0.9986251808384984,320856064,1056009216
1M,1000000,3106053,three_stage_fp32,fp32,fp32,fp32,int32,484,1176,2.4297520661157024,1170.1759925255408,1168.206765101506,1175.2566190866323,1161.806766803448,1222.183374258188,0.6024609998971883,5.15961768489471,52,413.6129976102172,1004.9770355157342,3.4748341069409023,333280768,1056009216
1M,1000000,3106053,three_stage_fp32_s64,fp32,fp32,fp32,int64,580,1176,2.027586206896552,1932.4531555175781,1925.186034171812,1935.2939359603388,1909.4956920992943,2016.0908852854081,0.5230606371837,5.516055738880976,31,300.13664152425775,608.5529145388399,2.1041480039717237,333280768,1056009216
1M,1000000,3106053,fused_fp64,fp64,fp64,fp64,int32,488,1176,2.4098360655737703,932.8799843788147,932.4319958686829,937.2240006923676,927.1199703216553,966.9119715690613,0.5136785978826192,4.265500591043624,64,523.1112342119218,1260.6123185106967,4.358725150115368,358129664,1056009216
1M,1000000,3106053,fused_fp32,fp32,fp32,fp32,int32,292,1176,4.027397260273973,308.97209681377507,308.6352768339641,310.1128296530926,307.69342214950007,311.61267769769063,0.4782156169976286,1.2684820372477819,193,945.0691600024821,3806.1689457634216,13.160306357379413,370554368,1056009216
1M,1000000,3106053,fused_ai_fp64,fp64,fp64,fp64,none,392,1176,3.0,917.8506117600662,917.5985189584585,922.2774212176984,912.7463120680588,957.2351895845853,0.5097672975635568,4.84707172894016,65,427.0847510231568,1281.2542530694705,4.4300972269919905,370554368,1056009216
1M,1000000,3106053,fused_ai_fp32,fp32,fp32,fp32,none,196,1176,6.0,198.63869692828203,197.80324600838327,198.8756785521636,197.43134524371172,199.20258908658414,0.53989104860446,0.8916912314985259,296,986.7160982774936,5920.296589664962,20.47016776101411,370554368,1056009216
1M,1000000,3106053,node_fp64,fp64,fp64,fp64,none,256,1176,4.59375,1215.4671026735891,1215.247679729851,1221.9663736771563,1212.5622496312978,1222.9276384626116,0.5527664165098899,0.8527905698569446,49,210.61861685675603,967.529271185723,3.3453537664714004,370554368,1056009216
1M,1000000,3106053,node_fp32,fp32,fp32,fp32,none,128,1176,9.1875,94.0877282794498,93.41702920188716,94.51703729676188,92.9267472582968,99.48001133481596,1.1691302521489217,6.965057182649066,613,1360.4324638365952,12498.973261498719,43.21676720554092,370554368,1056009216
2M,2000376,6169152,three_stage_fp64,fp64,fp64,fp64,int32,872,1176,1.348623853211009,8371.200016566685,8329.947607857841,8394.020625523159,8306.541442871094,8449.901580810547,0.7653982408557519,1.7125398706964599,7,208.37249958762885,281.01612329707746,1.0,641472000,2112405504
2M,2000376,6169152,three_stage_fp64_e32,fp64,fp64,fp32,int32,868,1176,1.3548387096774193,8357.609340122768,8341.138294764927,8423.497336251396,8293.22978428432,8736.923217773438,0.9854377984752588,5.308855863351468,7,207.75395179867246,281.47309598529813,1.0016261440192797,641472000,2112405504
2M,2000376,6169152,three_stage_fp32,fp32,fp32,fp32,int32,484,1176,2.4297520661157024,2370.846710205078,2356.613082885742,2377.7689361572266,2348.2418823242188,2468.2496643066406,0.892333240290107,5.061811101740998,25,408.36971021051477,992.2371471230689,3.5308904538339285,666148864,2112405504
2M,2000376,6169152,three_stage_fp32_s64,fp32,fp32,fp32,int64,580,1176,2.027586206896552,3812.4799728393555,3809.280037879944,3830.2080631256104,3798.719882965088,4046.154022216797,0.5489346932904751,6.490109876365637,16,304.32109499998876,617.0372546896324,2.1957361287677033,666148864,2112405504
2M,2000376,6169152,fused_fp64,fp64,fp64,fp64,int32,488,1176,2.4098360655737703,1854.7519445419312,1850.9920239448547,1869.5200085639954,1845.4079627990723,1935.520052909851,0.9989467687937369,4.858444299031794,32,526.3148481243882,1268.332502857132,4.513379830225288,715502080,2112405504
2M,2000376,6169152,fused_fp32,fp32,fp32,fp32,int32,292,1176,4.027397260273973,608.185199776081,607.6509109651199,612.0885791200581,603.9751226251776,639.9689876671994,0.7296573735388462,5.918240867300588,99,960.414347825391,3867.970113159794,13.764228428525977,740178944,2112405504
2M,2000376,6169152,fused_ai_fp64,fp64,fp64,fp64,none,392,1176,3.0,1818.5619007457385,1818.315159190785,1820.9822683623343,1808.7873747854521,1829.794912627249,0.14666034576307932,1.1551730976648253,33,431.1909271157855,1293.5727813473563,4.603197731753812,740178944,2112405504
2M,2000376,6169152,fused_ai_fp32,fp32,fp32,fp32,none,196,1176,6.0,457.235853801402,457.06914561663484,458.8035908780357,456.6881342451702,472.6514003073523,0.37933273320123884,3.491254224590102,129,857.4867713027053,5144.920627816233,18.308275580249383,740178944,2112405504
2M,2000376,6169152,node_fp64,fp64,fp64,fp64,none,256,1176,4.59375,2402.7955627441406,2401.832962036133,2410.784683227539,2386.8211364746094,2486.681671142578,0.3725544249458673,4.156014611327227,25,213.1251879852627,979.0438323073006,3.4839418493874104,740178944,2112405504
2M,2000376,6169152,node_fp32,fp32,fp32,fp32,none,128,1176,9.1875,251.58858802248153,250.42862228200408,251.99905427699352,249.66588402599223,262.41188210274095,0.6242063709380582,5.0662067691280805,237,1017.7255256789309,9350.353267175178,33.273369362121656,740178944,2112405504
